{"uhodrozisk":{"v":[82]},"oopda":{"v":[114]},"megafstop":{"v":[18,77]},"coord":{"v":[67]},"summakey":{"v":[76]},"depcoord":{"v":[74]},"stoptraffic":{"v":[79]},"freebankkey":{"v":[85]},"dejectkey":{"v":{}},"cejectkey":{"v":{}},"dkldkey":{"v":[18,80]},"tazerkey":{"v":[78]},"starttraffic":{"v":[84]},"followkey":{"v":{}},"takekey":{"v":{}},"fastmenukey":{"v":[113]},"hikey":{"v":[73]},"vzaimkey":{"v":[90]},"oopnet":{"v":[115]},"dcoord":{"v":[66]},"uncuffkey":{"v":{}},"patruloff":{"v":[75]},"freenalkey":{"v":[89]},"megafkey":{"v":[77]},"cuffkey":{"v":{}},"sirenkey":{"v":[76]},"arrestkey":{"v":{}},"cputkey":{"v":{}},"patrulmenukey":{"v":[116]},"offotig":{"v":[222]}}