{"uhodrozisk":{"v":[82]},"oopda":{"v":[114]},"stoptraffic":{"v":[79]},"coord":{"v":[67]},"summakey":{"v":[76]},"depcoord":{"v":[74]},"megafstop":{"v":[18,77]},"freebankkey":{"v":[85]},"dejectkey":{"v":{}},"cejectkey":{"v":{}},"starttraffic":{"v":[84]},"tazerkey":{"v":[78]},"offotig":{"v":[222]},"followkey":{"v":{}},"takekey":{"v":{}},"fastmenukey":{"v":[113]},"hikey":{"v":[73]},"vzaimkey":{"v":[90]},"oopnet":{"v":[115]},"dcoord":{"v":[66]},"arrestkey":{"v":{}},"patruloff":{"v":[75]},"freenalkey":{"v":[89]},"cuffkey":{"v":{}},"megafkey":{"v":[77]},"sirenkey":{"v":[76]},"uncuffkey":{"v":{}},"cputkey":{"v":{}},"patrulmenukey":{"v":[116]},"dkldkey":{"v":[18,80]}}